Artist 	 Album 	 Trackno 	 Title 	 ID3_artist 	 ID3_album 	 ID3_track 	 Artist_match 	 Album_match 	 track_match 
Charlie Watts Tentet	Live At Ronnie Scotts CD1	(5, 8)	What's New	Charlie Watts Tentet	Live At Ronnie Scotts CD1	What's New	True	True	True
Charlie Watts Tentet	Live At Ronnie Scotts CD1	(3, 8)	Anthony's Dice	Charlie Watts Tentet	Live At Ronnie Scotts CD1	Anthony's Dice	True	True	True
Charlie Watts Tentet	Live At Ronnie Scotts CD1	(2, 8)	Bemsha Swing	Charlie Watts Tentet	Live At Ronnie Scotts CD1	Bemsha Swing	True	True	True
Charlie Watts Tentet	Live At Ronnie Scotts CD1	(6, 8)	CW Announcement	Charlie Watts Tentet	Live At Ronnie Scotts CD1	CW Announcement	True	True	True
Charlie Watts Tentet	Live At Ronnie Scotts CD1	(8, 8)	A Single Petal Of A Rose	Charlie Watts Tentet	Live At Ronnie Scotts CD1	A Single Petal Of A Rose	True	True	True
Charlie Watts Tentet	Live At Ronnie Scotts CD1	(1, 8)	Main Stem	Charlie Watts Tentet	Live At Ronnie Scotts CD1	Main Stem	True	True	True
Charlie Watts Tentet	Live At Ronnie Scotts CD1	(7, 8)	Tin Deo	Charlie Watts Tentet	Live At Ronnie Scotts CD1	Tin-Tin Deo	True	True	False
Charlie Watts Tentet	Live At Ronnie Scotts CD1	(4, 8)	Roll 'Em Charlie	Charlie Watts Tentet	Live At Ronnie Scotts CD1	Roll 'Em Charlie	True	True	True
Artist 	 Album 	 Trackno 	 Title 	 ID3_artist 	 ID3_album 	 ID3_track 	 Artist_match 	 Album_match 	 track_match 
Charlie Watts Tentet	Live At Ronnie Scotts Cd2	(5, 5)	The Elvin Suite	Charlie Watts Tentet	Live At Ronnie Scotts Cd2	The Elvin Suite	True	True	True
Charlie Watts Tentet	Live At Ronnie Scotts Cd2	(3, 5)	Airto	Charlie Watts Tentet	Live At Ronnie Scotts Cd2	Airto	True	True	True
Charlie Watts Tentet	Live At Ronnie Scotts Cd2	(2, 5)	Little Willie Leaps	Charlie Watts Tentet	Live At Ronnie Scotts Cd2	Little Willie Leaps	True	True	True
Charlie Watts Tentet	Live At Ronnie Scotts Cd2	(1, 5)	Sunset of the Mockingbird	Charlie Watts Tentet	Live At Ronnie Scotts Cd2	Sunset of the Mockingbird	True	True	True
Charlie Watts Tentet	Live At Ronnie Scotts Cd2	(4, 5)	Chasing Reality (Interfaction)	Charlie Watts Tentet	Live At Ronnie Scotts Cd2	Chasing Reality (Interfaction)	True	True	True
Artist 	 Album 	 Trackno 	 Title 	 ID3_artist 	 ID3_album 	 ID3_track 	 Artist_match 	 Album_match 	 track_match 
Herb Geller	The Gellers	(10, 12)	Heather On The Hill	Herb Geller	The Gellers	Heather On The Hill	True	True	True
Herb Geller	The Gellers	(1, 12)	Araphoe	Herb Geller	The Gellers	Araphoe	True	True	True
Herb Geller	The Gellers	(8, 12)	I've Got A Feeling I'm Falling	Herb Geller	The Gellers	I've Got A Feeling I'm Falling	True	True	True
Herb Geller	The Gellers	(2, 12)	Come Rain Or Come Shine	Herb Geller	The Gellers	Come Rain Or Come Shine	True	True	True
Herb Geller	The Gellers	(7, 12)	Blues In The Night	Herb Geller	The Gellers	Blues In The Night	True	True	True
Herb Geller	The Gellers	(6, 12)	Two Of A Kind	Herb Geller	The Gellers	Two Of A Kind	True	True	True
Herb Geller	The Gellers	(12, 12)	Suppertime	Herb Geller	The Gellers	Suppertime	True	True	True
Herb Geller	The Gellers	(11, 12)	Bewitched	Herb Geller	The Gellers	Bewitched	True	True	True
Herb Geller	The Gellers	(4, 12)	The Answer Man	Herb Geller	The Gellers	The Answer Man	True	True	True
Herb Geller	The Gellers	(5, 12)	Love (You Magic Spell)	Herb Geller	The Gellers	Love (You Magic Spell)	True	True	True
Herb Geller	The Gellers	(3, 12)	If I Were A Bell	Herb Geller	The Gellers	If I Were A Bell	True	True	True
Herb Geller	The Gellers	(9, 12)	Patterns	Herb Geller	The Gellers	Patterns	True	True	True
Artist 	 Album 	 Trackno 	 Title 	 ID3_artist 	 ID3_album 	 ID3_track 	 Artist_match 	 Album_match 	 track_match 
Herb Geller	The Herb Geller Sextette	(5, 8)	Vone Mae	Herb Geller	The Herb Geller Sextette	Vone Mae	True	True	True
Herb Geller	The Herb Geller Sextette	(3, 8)	Gin For Fluegelhorns	Herb Geller	The Herb Geller Sextette	Gin For Fluegelhorns	True	True	True
Herb Geller	The Herb Geller Sextette	(8, 8)	You'd Be So Nice To Come Home To	Herb Geller	The Herb Geller Sextette	You'd Be So Nice To Come Home To	True	True	True
Herb Geller	The Herb Geller Sextette	(6, 8)	Rockin' Chair	Herb Geller	The Herb Geller Sextette	Rockin' Chair	True	True	True
Herb Geller	The Herb Geller Sextette	(4, 8)	Tardi At Zardi's	Herb Geller	The Herb Geller Sextette	Tardi At Zardi's	True	True	True
Herb Geller	The Herb Geller Sextette	(2, 8)	Crazy He Calls Me	Herb Geller	The Herb Geller Sextette	Crazy He Calls Me	True	True	True
Herb Geller	The Herb Geller Sextette	(7, 8)	Owl Eyes	Herb Geller	The Herb Geller Sextette	Owl Eyes	True	True	True
Herb Geller	The Herb Geller Sextette	(1, 8)	Outpost Incident	Herb Geller	The Herb Geller Sextette	Outpost Incident	True	True	True
Artist 	 Album 	 Trackno 	 Title 	 ID3_artist 	 ID3_album 	 ID3_track 	 Artist_match 	 Album_match 	 track_match 
Stan Getz and Chet Baker	Stan Meets Chet	(3, None)	 Jordu	Stan Getz and Chet Baker	Stan Meets Chet	Jordu	True	True	True
Stan Getz and Chet Baker	Stan Meets Chet	(4, None)	Breed Apache	Stan Getz and Chet Baker	Stan Meets Chet	Half-Breed Apache	True	True	False
Stan Getz and Chet Baker	Stan Meets Chet	(1, None)	 I'll Remember April	Stan Getz and Chet Baker	Stan Meets Chet	I'll Remember April	True	True	True
Stan Getz and Chet Baker	Stan Meets Chet	(2, None)	 Ballad medley Autumn in New York  Embraceable You  What's New	Stan Getz and Chet Baker	Stan Meets Chet	Ballad medley: Autumn in New York / Embraceable You / What's New?	True	True	False
Artist 	 Album 	 Trackno 	 Title 	 ID3_artist 	 ID3_album 	 ID3_track 	 Artist_match 	 Album_match 	 track_match 
Stan Getz	In Stockholm	(3, None)	 I Don't Stand A Ghost Of A Chance With You	Stan Getz	In Stockholm	I Don't Stand A Ghost Of A Chance With You	True	True	True
Stan Getz	In Stockholm	(7, None)	 Get Happy	Stan Getz	In Stockholm	Get Happy	True	True	True
Stan Getz	In Stockholm	(4, None)	 I Can't Believe That You're In Love With Me	Stan Getz	In Stockholm	I Can't Believe That You're In Love With Me	True	True	True
Stan Getz	In Stockholm	(5, None)	 Everything Happens To Me	Stan Getz	In Stockholm	Everything Happens To Me	True	True	True
Stan Getz	In Stockholm	(8, None)	 Jeepers Creepers	Stan Getz	In Stockholm	Jeepers Creepers	True	True	True
Stan Getz	In Stockholm	(6, None)	 Over The Rainbow	Stan Getz	In Stockholm	Over The Rainbow	True	True	True
Stan Getz	In Stockholm	(2, None)	 Without A Song	Stan Getz	In Stockholm	Without A Song	True	True	True
Stan Getz	In Stockholm	(1, None)	 Indiana	Stan Getz	In Stockholm	Indiana	True	True	True
Artist 	 Album 	 Trackno 	 Title 	 ID3_artist 	 ID3_album 	 ID3_track 	 Artist_match 	 Album_match 	 track_match 
Stan Getz - Zoot Sims - Al Cohn - Alan Eager - Brew Moore	The Brothers	(2, None)	 Five Brothers (Alternate Take)	Stan Getz-Zoot Sims-Al Cohn- Alan Eager - Brew Moore	The Brothers	Five Brothers (Alternate Take)	False	True	True
Stan Getz - Zoot Sims - Al Cohn - Alan Eager - Brew Moore	The Brothers	(3, None)	 Battle Of The Saxes	Stan Getz-Zoot Sims-Al Cohn- Alan Eager - Brew Moore	The Brothers	Battle Of The Saxes	False	True	True
Stan Getz - Zoot Sims - Al Cohn - Alan Eager - Brew Moore	The Brothers	(5, None)	 Four And One Moore (Alternate Take)	Stan Getz-Zoot Sims-Al Cohn- Alan Eager - Brew Moore	The Brothers	Four And One Moore (Alternate Take)	False	True	True
Stan Getz - Zoot Sims - Al Cohn - Alan Eager - Brew Moore	The Brothers	(7, None)	 Battleground (Alternate Take)	Stan Getz-Zoot Sims-Al Cohn- Alan Eager - Brew Moore	The Brothers	Battleground (Alternate Take)	False	True	True
Stan Getz - Zoot Sims - Al Cohn - Alan Eager - Brew Moore	The Brothers	(9, None)	 Zootcase	Stan Getz-Zoot Sims-Al Cohn- Alan Eager - Brew Moore	The Brothers	Zootcase	False	True	True
Stan Getz - Zoot Sims - Al Cohn - Alan Eager - Brew Moore	The Brothers	(4, None)	 Four And One Moore	Stan Getz-Zoot Sims-Al Cohn- Alan Eager - Brew Moore	The Brothers	Four And One Moore	False	True	True
Stan Getz - Zoot Sims - Al Cohn - Alan Eager - Brew Moore	The Brothers	(1, None)	 Five Brothers	Stan Getz-Zoot Sims-Al Cohn- Alan Eager - Brew Moore	The Brothers	Five Brothers	False	True	True
Stan Getz - Zoot Sims - Al Cohn - Alan Eager - Brew Moore	The Brothers	(10, None)	 Tangerine	Stan Getz-Zoot Sims-Al Cohn- Alan Eager - Brew Moore	The Brothers	Tangerine	False	True	True
Stan Getz - Zoot Sims - Al Cohn - Alan Eager - Brew Moore	The Brothers	(11, None)	 Morning Sun	Stan Getz-Zoot Sims-Al Cohn- Alan Eager - Brew Moore	The Brothers	Morning Sun	False	True	True
Stan Getz - Zoot Sims - Al Cohn - Alan Eager - Brew Moore	The Brothers	(6, None)	 Battleground	Stan Getz-Zoot Sims-Al Cohn- Alan Eager - Brew Moore	The Brothers	Battleground	False	True	True
Stan Getz - Zoot Sims - Al Cohn - Alan Eager - Brew Moore	The Brothers	(8, None)	 The Red Door	Stan Getz-Zoot Sims-Al Cohn- Alan Eager - Brew Moore	The Brothers	The Red Door	False	True	True
Artist 	 Album 	 Trackno 	 Title 	 ID3_artist 	 ID3_album 	 ID3_track 	 Artist_match 	 Album_match 	 track_match 
Stan Getz and Albert Dailey	Poetry	(6, 7)	Spring Can Really Hang You Up the Most	Stan Getz and Albert Dailey	Poetry	Spring Can Really Hang You Up the Most	True	True	True
Stan Getz and Albert Dailey	Poetry	(7, 7)	'Round Midnight	Stan Getz and Albert Dailey	Poetry	'Round Midnight	True	True	True
Stan Getz and Albert Dailey	Poetry	(2, 7)	A Child is Born	Stan Getz and Albert Dailey	Poetry	A Child is Born	True	True	True
Stan Getz and Albert Dailey	Poetry	(3, 7)	Tune Up	Stan Getz and Albert Dailey	Poetry	Tune Up	True	True	True
Stan Getz and Albert Dailey	Poetry	(1, 7)	Confirmation	Stan Getz and Albert Dailey	Poetry	Confirmation	True	True	True
Stan Getz and Albert Dailey	Poetry	(5, 7)	A Night in Tunisia	Stan Getz and Albert Dailey	Poetry	A Night in Tunisia	True	True	True
Stan Getz and Albert Dailey	Poetry	(4, 7)	Lover Man	Stan Getz and Albert Dailey	Poetry	Lover Man	True	True	True
Artist 	 Album 	 Trackno 	 Title 	 ID3_artist 	 ID3_album 	 ID3_track 	 Artist_match 	 Album_match 	 track_match 
Stan Tracey & Danny Moss	Just You, Just Me	(6, 11)	It's Easy To Remember	Stan Tracey & Danny Moss	Just You, Just Me	It's Easy To Remember	True	True	True
Stan Tracey & Danny Moss	Just You, Just Me	(9, 11)	Drop Me Off In Harlem	Stan Tracey & Danny Moss	Just You, Just Me	Drop Me Off In Harlem	True	True	True
Stan Tracey & Danny Moss	Just You, Just Me	(11, 11)	Just Friends	Stan Tracey & Danny Moss	Just You, Just Me	Just Friends	True	True	True
Stan Tracey & Danny Moss	Just You, Just Me	(2, 11)	Indian Summer	Stan Tracey & Danny Moss	Just You, Just Me	Indian Summer	True	True	True
Stan Tracey & Danny Moss	Just You, Just Me	(8, 11)	Day Dream	Stan Tracey & Danny Moss	Just You, Just Me	Day Dream	True	True	True
Stan Tracey & Danny Moss	Just You, Just Me	(7, 11)	I Can't Give You Anything But Love	Stan Tracey & Danny Moss	Just You, Just Me	I Can't Give You Anything But Love	True	True	True
Stan Tracey & Danny Moss	Just You, Just Me	(10, 11)	All Too Soon	Stan Tracey & Danny Moss	Just You, Just Me	All Too Soon	True	True	True
Stan Tracey & Danny Moss	Just You, Just Me	(5, 11)	Good Queen Bess	Stan Tracey & Danny Moss	Just You, Just Me	Good Queen Bess	True	True	True
Stan Tracey & Danny Moss	Just You, Just Me	(4, 11)	Gone With The Wind	Stan Tracey & Danny Moss	Just You, Just Me	Gone With The Wind	True	True	True
Stan Tracey & Danny Moss	Just You, Just Me	(1, 11)	Just You Just Me	Stan Tracey & Danny Moss	Just You, Just Me	Just You Just Me	True	True	True
Stan Tracey & Danny Moss	Just You, Just Me	(3, 11)	I'm Beginning To See The Light	Stan Tracey & Danny Moss	Just You, Just Me	I'm Beginning To See The Light	True	True	True
Artist 	 Album 	 Trackno 	 Title 	 ID3_artist 	 ID3_album 	 ID3_track 	 Artist_match 	 Album_match 	 track_match 
Duke Ellington and Johnny Hodges	Side By Side	(10, 12)	Basin Street Blues (Williams)	Duke Ellington & Johnny Hodges	Side By Side	Basin Street Blues (Williams)	False	True	True
Duke Ellington and Johnny Hodges	Side By Side	(2, 12)	 Fats Waller)	Duke Ellington & Johnny Hodges	Side By Side	Squeeze Me (Clarence Wiliams - Fats Waller)	False	True	False
Duke Ellington and Johnny Hodges	Side By Side	(8, 12)	Bend One (Johnny Hodges)	Duke Ellington & Johnny Hodges	Side By Side	Bend One (Johnny Hodges)	False	True	True
Duke Ellington and Johnny Hodges	Side By Side	(9, 12)	You Need To Rock (Johnny Hodges)	Duke Ellington & Johnny Hodges	Side By Side	You Need To Rock (Johnny Hodges)	False	True	True
Duke Ellington and Johnny Hodges	Side By Side	(6, 12)	 Ted Koehler)	Duke Ellington & Johnny Hodges	Side By Side	Let's Fall In Love (Harold Arlen - Ted Koehler)	False	True	False
Duke Ellington and Johnny Hodges	Side By Side	(12, 12)	Loveless Love (Handy)	Duke Ellington & Johnny Hodges	Side By Side	Loveless Love (Handy)	False	True	True
Duke Ellington and Johnny Hodges	Side By Side	(1, 12)	Stompy Jones (Duke Ellington)	Duke Ellington & Johnny Hodges	Side By Side	Stompy Jones (Duke Ellington)	False	True	True
Duke Ellington and Johnny Hodges	Side By Side	(5, 12)	 Brown)	Duke Ellington & Johnny Hodges	Side By Side	Just A Memory (R. Henderson - B. DeSylva - L. Brown)	False	True	False
Duke Ellington and Johnny Hodges	Side By Side	(3, 12)	Big Shoe (Jimmy Hamilton)	Duke Ellington & Johnny Hodges	Side By Side	Big Shoe (Jimmy Hamilton)	False	True	True
Duke Ellington and Johnny Hodges	Side By Side	(4, 12)	Going Up (Duke Ellington)	Duke Ellington & Johnny Hodges	Side By Side	Going Up (Duke Ellington)	False	True	True
Duke Ellington and Johnny Hodges	Side By Side	(7, 12)	 Johnny Hodges)	Duke Ellington & Johnny Hodges	Side By Side	Ruint (Duke Ellington - Johnny Hodges)	False	True	False
Duke Ellington and Johnny Hodges	Side By Side	(11, 12)	Beale Street Blues (Handy)	Duke Ellington & Johnny Hodges	Side By Side	Beale Street Blues (Handy)	False	True	True
Artist 	 Album 	 Trackno 	 Title 	 ID3_artist 	 ID3_album 	 ID3_track 	 Artist_match 	 Album_match 	 track_match 
Dave Stryker	Messin' with Mister T Celebrating the Music of Stanley Turrentine	(1, None)	 Houston Person)	Dave Stryker	Messin' with Mister T: Celebrating the Music of Stanley Turrentine	La Place Street (feat. Houston Person)	True	False	False
Dave Stryker	Messin' with Mister T Celebrating the Music of Stanley Turrentine	(2, None)	 Mike Lee)	Dave Stryker	Messin' with Mister T: Celebrating the Music of Stanley Turrentine	Pieces of Dreams (feat. Mike Lee)	True	False	False
Dave Stryker	Messin' with Mister T Celebrating the Music of Stanley Turrentine	(3, None)	 Don Braden)	Dave Stryker	Messin' with Mister T: Celebrating the Music of Stanley Turrentine	Don't Mess with Mister T (feat. Don Braden)	True	False	False
Dave Stryker	Messin' with Mister T Celebrating the Music of Stanley Turrentine	(4, None)	 Jimmy Heath)	Dave Stryker	Messin' with Mister T: Celebrating the Music of Stanley Turrentine	In a Sentimental Mood (feat. Jimmy Heath)	True	False	False
Dave Stryker	Messin' with Mister T Celebrating the Music of Stanley Turrentine	(5, None)	 Chris Potter)	Dave Stryker	Messin' with Mister T: Celebrating the Music of Stanley Turrentine	Impressions (feat. Chris Potter)	True	False	False
Dave Stryker	Messin' with Mister T Celebrating the Music of Stanley Turrentine	(6, None)	 Bob Mintzer)	Dave Stryker	Messin' with Mister T: Celebrating the Music of Stanley Turrentine	Gibraltar (feat. Bob Mintzer)	True	False	False
Dave Stryker	Messin' with Mister T Celebrating the Music of Stanley Turrentine	(7, None)	 Eric Alexander)	Dave Stryker	Messin' with Mister T: Celebrating the Music of Stanley Turrentine	Salt Song (feat. Eric Alexander)	True	False	False
Dave Stryker	Messin' with Mister T Celebrating the Music of Stanley Turrentine	(8, None)	 Javon Jackson)	Dave Stryker	Messin' with Mister T: Celebrating the Music of Stanley Turrentine	Sugar (feat. Javon Jackson)	True	False	False
Dave Stryker	Messin' with Mister T Celebrating the Music of Stanley Turrentine	(9, None)	 Steve Slagle)	Dave Stryker	Messin' with Mister T: Celebrating the Music of Stanley Turrentine	Side Steppin' (feat. Steve Slagle)	True	False	False
Dave Stryker	Messin' with Mister T Celebrating the Music of Stanley Turrentine	(10, None)	 Tivon Pennicott)	Dave Stryker	Messin' with Mister T: Celebrating the Music of Stanley Turrentine	Let It Go (feat. Tivon Pennicott)	True	False	False
Artist 	 Album 	 Trackno 	 Title 	 ID3_artist 	 ID3_album 	 ID3_track 	 Artist_match 	 Album_match 	 track_match 
Chris McGregor	African Sound	(1, None)	Switch	Chris McGregor	The African Sound	Switch	True	False	True
Chris McGregor	African Sound	(2, None)	 Kippie	Chris McGregor	African Sound	Kippie	True	True	True
Chris McGregor	African Sound	(3, None)	 Eclipse at Dawn	Chris McGregor	African Sound	Eclipse at Dawn	True	True	True
Chris McGregor	African Sound	(4, None)	 Early Bird	Chris McGregor	African Sound	Early Bird	True	True	True
Chris McGregor	African Sound	(5, None)	 I Remember Billy	Chris McGregor	African Sound	I Remember Billy	True	True	True
Chris McGregor	African Sound	(6, None)	 Now	Chris McGregor	African Sound	Now	True	True	True
Chris McGregor	African Sound	(6, None)	Now	Chris McGregor	The African Sound	Now	True	False	True
Artist 	 Album 	 Trackno 	 Title 	 ID3_artist 	 ID3_album 	 ID3_track 	 Artist_match 	 Album_match 	 track_match 
Artist 	 Album 	 Trackno 	 Title 	 ID3_artist 	 ID3_album 	 ID3_track 	 Artist_match 	 Album_match 	 track_match 
Don Rendall and Iain Carr	Change Is	(1, None)	 Elastic Dream	Don Rendell/Ian Carr Quintet	Change Is	Elastic Dream	False	True	True
Don Rendall and Iain Carr	Change Is	(2, None)	 One Green Eye	Don Rendell/Ian Carr Quintet	Change Is	One Green Eye	False	True	True
Don Rendall and Iain Carr	Change Is	(3, None)	 Dog and Carrot	Don Rendell/Ian Carr Quintet	Change Is	Boy, Dog and Carrot	False	True	False
Don Rendall and Iain Carr	Change Is	(4, None)	 Cold Mountain	Don Rendell/Ian Carr Quintet	Change Is	Cold Mountain	False	True	True
Don Rendall and Iain Carr	Change Is	(5, None)	 Black Hair	Don Rendell/Ian Carr Quintet	Change Is	Black Hair	False	True	True
Don Rendall and Iain Carr	Change Is	(6, None)	 Mirage	Don Rendell/Ian Carr Quintet	Change Is	Mirage	False	True	True
Artist 	 Album 	 Trackno 	 Title 	 ID3_artist 	 ID3_album 	 ID3_track 	 Artist_match 	 Album_match 	 track_match 
Artist 	 Album 	 Trackno 	 Title 	 ID3_artist 	 ID3_album 	 ID3_track 	 Artist_match 	 Album_match 	 track_match 
Don Rendall and Iain Carr	Live 1969	(1, None)	 On Track	Don Rendell/Ian Carr Quintet	Live	On Track	False	False	True
Don Rendall and Iain Carr	Live 1969	(2, None)	 Vignette	Don Rendell/Ian Carr Quintet	Live	Vignette	False	False	True
Don Rendall and Iain Carr	Live 1969	(3, None)	 Pavanne	Don Rendell/Ian Carr Quintet	Live	Pavanne	False	False	True
Don Rendall and Iain Carr	Live 1969	(4, None)	 Nimjam	Don Rendell/Ian Carr Quintet	Live	Nimjam	False	False	True
Don Rendall and Iain Carr	Live 1969	(5, None)	 Voices	Don Rendell/Ian Carr Quintet	Live	Voices	False	False	True
Don Rendall and Iain Carr	Live 1969	(6, None)	 You've Said It	Don Rendell/Ian Carr Quintet	Live	You've Said It	False	False	True
Artist 	 Album 	 Trackno 	 Title 	 ID3_artist 	 ID3_album 	 ID3_track 	 Artist_match 	 Album_match 	 track_match 
Artist 	 Album 	 Trackno 	 Title 	 ID3_artist 	 ID3_album 	 ID3_track 	 Artist_match 	 Album_match 	 track_match 
Don Rendall and Iain Carr	Shades of Blue, Dusk Fire	(1, None)	 Blue Mosque	Don Rendell/Ian Carr Quintet	Shades of Blue	Blue Mosque	False	False	True
Don Rendall and Iain Carr	Shades of Blue, Dusk Fire	(2, None)	 Latin Blue	Don Rendell/Ian Carr Quintet	Shades of Blue	Latin Blue	False	False	True
Don Rendall and Iain Carr	Shades of Blue, Dusk Fire	(3, None)	 Just Blue	Don Rendell/Ian Carr Quintet	Shades of Blue	Just Blue	False	False	True
Don Rendall and Iain Carr	Shades of Blue, Dusk Fire	(4, None)	 Sailin'	Don Rendell/Ian Carr Quintet	Shades of Blue	Sailin'	False	False	True
Don Rendall and Iain Carr	Shades of Blue, Dusk Fire	(5, None)		Don Rendell/Ian Carr Quintet	Shades of Blue	Garrison 64	False	False	False
Don Rendall and Iain Carr	Shades of Blue, Dusk Fire	(6, None)	 Blue Doom	Don Rendell/Ian Carr Quintet	Shades of Blue	Blue Doom	False	False	True
Don Rendall and Iain Carr	Shades of Blue, Dusk Fire	(7, None)	 Shades of Blue	Don Rendell/Ian Carr Quintet	Shades of Blue	Shades of Blue	False	False	True
Don Rendall and Iain Carr	Shades of Blue, Dusk Fire	(8, None)	 Big City Strut	Don Rendell/Ian Carr Quintet	Shades of Blue	Big City Strut	False	False	True
Artist 	 Album 	 Trackno 	 Title 	 ID3_artist 	 ID3_album 	 ID3_track 	 Artist_match 	 Album_match 	 track_match 
Don Rendall and Iain Carr	Shades of Blue, Dusk Fire	(1, None)	 Ruth	Don Rendell/Ian Carr Quintet	Dusk Fire	Ruth	False	False	True
Don Rendall and Iain Carr	Shades of Blue, Dusk Fire	(2, None)	 Tan Samfu	Don Rendell/Ian Carr Quintet	Dusk Fire	Tan Samfu	False	False	True
Don Rendall and Iain Carr	Shades of Blue, Dusk Fire	(3, None)	 Jubal	Don Rendell/Ian Carr Quintet	Dusk Fire	Jubal	False	False	True
Don Rendall and Iain Carr	Shades of Blue, Dusk Fire	(4, None)	 Spooks	Don Rendell/Ian Carr Quintet	Dusk Fire	Spooks	False	False	True
Don Rendall and Iain Carr	Shades of Blue, Dusk Fire	(5, None)	 Prayer	Don Rendell/Ian Carr Quintet	Dusk Fire	Prayer	False	False	True
Don Rendall and Iain Carr	Shades of Blue, Dusk Fire	(6, None)	 Hot Rod	Don Rendell/Ian Carr Quintet	Dusk Fire	Hot Rod	False	False	True
Don Rendall and Iain Carr	Shades of Blue, Dusk Fire	(7, None)	 Dusk Fire	Don Rendell/Ian Carr Quintet	Dusk Fire	Dusk Fire	False	False	True
Artist 	 Album 	 Trackno 	 Title 	 ID3_artist 	 ID3_album 	 ID3_track 	 Artist_match 	 Album_match 	 track_match 
Artist 	 Album 	 Trackno 	 Title 	 ID3_artist 	 ID3_album 	 ID3_track 	 Artist_match 	 Album_match 	 track_match 
Artist 	 Album 	 Trackno 	 Title 	 ID3_artist 	 ID3_album 	 ID3_track 	 Artist_match 	 Album_match 	 track_match 
Don Wilkerson	Preach Brother 	(1, None)	Weenie	Don Wilkerson	Preach Brother!	Jeanie-Weenie	True	False	False
Don Wilkerson	Preach Brother 	(2, None)	 Homesick Blues	Don Wilkerson	Preach Brother!	Homesick Blues	True	False	True
Don Wilkerson	Preach Brother 	(3, None)	 Dem Tambourines	Don Wilkerson	Preach Brother!	Dem Tambourines	True	False	True
Don Wilkerson	Preach Brother 	(4, None)	 Camp Meetin'	Don Wilkerson	Preach Brother!	Camp Meetin'	True	False	True
Don Wilkerson	Preach Brother 	(5, None)	 The Eldorado Shuffle	Don Wilkerson	Preach Brother!	The Eldorado Shuffle	True	False	True
Don Wilkerson	Preach Brother 	(6, None)	 Pigeon Peas	Don Wilkerson	Preach Brother!	Pigeon Peas	True	False	True
Artist 	 Album 	 Trackno 	 Title 	 ID3_artist 	 ID3_album 	 ID3_track 	 Artist_match 	 Album_match 	 track_match 
Artist 	 Album 	 Trackno 	 Title 	 ID3_artist 	 ID3_album 	 ID3_track 	 Artist_match 	 Album_match 	 track_match 
Elvin Jones	Mr. Jones	(1, None)	 One's Native Place	Elvin Jones	Mr. Jones	One's Native Place	True	True	True
Elvin Jones	Mr. Jones	(2, None)	 GEE GEE	Elvin Jones	Mr. Jones	GEE GEE	True	True	True
Elvin Jones	Mr. Jones	(3, None)	 Jones	Elvin Jones	Mr. Jones	Mr. Jones	True	True	False
Elvin Jones	Mr. Jones	(4, None)	 That's It	Elvin Jones	Mr. Jones	What's Up - That's It	True	True	False
Elvin Jones	Mr. Jones	(5, None)	 Soultrane	Elvin Jones	Mr. Jones	Soultrane	True	True	True
Elvin Jones	Mr. Jones	(6, None)	 New Breed	Elvin Jones	Mr. Jones	New Breed	True	True	True
Artist 	 Album 	 Trackno 	 Title 	 ID3_artist 	 ID3_album 	 ID3_track 	 Artist_match 	 Album_match 	 track_match 
Artist 	 Album 	 Trackno 	 Title 	 ID3_artist 	 ID3_album 	 ID3_track 	 Artist_match 	 Album_match 	 track_match 
Elvin Jones	The Ultimate	(1, None)	 In The Truth	Elvin Jones	The Ultimate	In The Truth	True	True	True
Elvin Jones	The Ultimate	(2, None)	 What Is This	Elvin Jones	The Ultimate	What Is This?	True	True	False
Elvin Jones	The Ultimate	(3, None)	 Ascendant	Elvin Jones	The Ultimate	Ascendant	True	True	True
Elvin Jones	The Ultimate	(4, None)	 Yesterdays	Elvin Jones	The Ultimate	Yesterdays	True	True	True
Elvin Jones	The Ultimate	(5, None)	 Sometimes Joie	Elvin Jones	The Ultimate	Sometimes Joie	True	True	True
Elvin Jones	The Ultimate	(6, None)	 We'll Be Together Again	Elvin Jones	The Ultimate	We'll Be Together Again	True	True	True
Artist 	 Album 	 Trackno 	 Title 	 ID3_artist 	 ID3_album 	 ID3_track 	 Artist_match 	 Album_match 	 track_match 
Davey Graham	The Midnight Man - Live at St Andrews Folk Club	(6, 20)	Rock Me	Davey Graham	The Midnight Man - Live at St Andrews Folk Club	Rock Me	True	True	True
Davey Graham	The Midnight Man - Live at St Andrews Folk Club	(3, 20)	Sally Free and Easy	Davey Graham	The Midnight Man - Live at St Andrews Folk Club	Sally Free and Easy	True	True	True
Davey Graham	The Midnight Man - Live at St Andrews Folk Club	(10, 20)	The Cat Came Back	Davey Graham	The Midnight Man - Live at St Andrews Folk Club	The Cat Came Back	True	True	True
Davey Graham	The Midnight Man - Live at St Andrews Folk Club	(20, 20)	Bulgarian Dance	Davey Graham	The Midnight Man - Live at St Andrews Folk Club	Bulgarian Dance	True	True	True
Davey Graham	The Midnight Man - Live at St Andrews Folk Club	(15, 20)	Buhaina Chant	Davey Graham	The Midnight Man - Live at St Andrews Folk Club	Buhaina Chant	True	True	True
Davey Graham	The Midnight Man - Live at St Andrews Folk Club	(12, 20)	 Neighbour	Davey Graham	The Midnight Man - Live at St Andrews Folk Club	Neighbour, Neighbour	True	True	False
Davey Graham	The Midnight Man - Live at St Andrews Folk Club	(7, 20)	No Preacher Blues	Davey Graham	The Midnight Man - Live at St Andrews Folk Club	No Preacher Blues	True	True	True
Davey Graham	The Midnight Man - Live at St Andrews Folk Club	(17, 20)	Maajun	Davey Graham	The Midnight Man - Live at St Andrews Folk Club	Maajun	True	True	True
Davey Graham	The Midnight Man - Live at St Andrews Folk Club	(8, 20)	The Preacher	Davey Graham	The Midnight Man - Live at St Andrews Folk Club	The Preacher	True	True	True
Davey Graham	The Midnight Man - Live at St Andrews Folk Club	(9, 20)	Sweet Home Chicago	Davey Graham	The Midnight Man - Live at St Andrews Folk Club	Sweet Home Chicago	True	True	True
Davey Graham	The Midnight Man - Live at St Andrews Folk Club	(2, 20)	Travelling Man	Davey Graham	The Midnight Man - Live at St Andrews Folk Club	Travelling Man	True	True	True
Davey Graham	The Midnight Man - Live at St Andrews Folk Club	(5, 20)	Work Song	Davey Graham	The Midnight Man - Live at St Andrews Folk Club	Work Song	True	True	True
Davey Graham	The Midnight Man - Live at St Andrews Folk Club	(11, 20)	Better Git Hit In Your Soul	Davey Graham	The Midnight Man - Live at St Andrews Folk Club	Better Git Hit In Your Soul	True	True	True
Davey Graham	The Midnight Man - Live at St Andrews Folk Club	(4, 20)	I'm Ready	Davey Graham	The Midnight Man - Live at St Andrews Folk Club	I'm Ready	True	True	True
Davey Graham	The Midnight Man - Live at St Andrews Folk Club	(14, 20)	Skillet Good and Greasy	Davey Graham	The Midnight Man - Live at St Andrews Folk Club	Skillet Good and Greasy	True	True	True
Davey Graham	The Midnight Man - Live at St Andrews Folk Club	(18, 20)	Miserlou	Davey Graham	The Midnight Man - Live at St Andrews Folk Club	Miserlou	True	True	True
Davey Graham	The Midnight Man - Live at St Andrews Folk Club	(19, 20)	She Moved Through The Fair	Davey Graham	The Midnight Man - Live at St Andrews Folk Club	She Moved Through The Fair	True	True	True
Davey Graham	The Midnight Man - Live at St Andrews Folk Club	(1, 20)	Jubilation	Davey Graham	The Midnight Man - Live at St Andrews Folk Club	Jubilation	True	True	True
Davey Graham	The Midnight Man - Live at St Andrews Folk Club	(13, 20)	So Tired	Davey Graham	The Midnight Man - Live at St Andrews Folk Club	So Tired	True	True	True
Davey Graham	The Midnight Man - Live at St Andrews Folk Club	(16, 20)	 Honey	Davey Graham	The Midnight Man - Live at St Andrews Folk Club	Money, Honey	True	True	False
Artist 	 Album 	 Trackno 	 Title 	 ID3_artist 	 ID3_album 	 ID3_track 	 Artist_match 	 Album_match 	 track_match 
Davey Graham	After Hours - Hull University 1967	(1, 14)	Work Song	Davey Graham	After Hours - Hull University 1967	Work Song	True	True	True
Davey Graham	After Hours - Hull University 1967	(3, 14)	Buhaina Chant	Davey Graham	After Hours - Hull University 1967	Buhaina Chant	True	True	True
Davey Graham	After Hours - Hull University 1967	(4, 14)	Grroveyard	Davey Graham	After Hours - Hull University 1967	Grroveyard	True	True	True
Davey Graham	After Hours - Hull University 1967	(7, 14)	How Long Blues	Davey Graham	After Hours - Hull University 1967	How Long Blues	True	True	True
Davey Graham	After Hours - Hull University 1967	(8, 14)	 Blue Raga	Davey Graham	After Hours - Hull University 1967	Medley: She Moved Through The Bazarre, Blue Raga	True	True	False
Davey Graham	After Hours - Hull University 1967	(5, 14)	Bouee In Em	Davey Graham	After Hours - Hull University 1967	Bouee In Em	True	True	True
Davey Graham	After Hours - Hull University 1967	(10, 14)	Hey Bud Blues	Davey Graham	After Hours - Hull University 1967	Hey Bud Blues	True	True	True
Davey Graham	After Hours - Hull University 1967	(14, 14)	Blue	Davey Graham	After Hours - Hull University 1967	Afro-Blue	True	True	False
Davey Graham	After Hours - Hull University 1967	(13, 14)	Louisiana Blue	Davey Graham	After Hours - Hull University 1967	Louisiana Blue	True	True	True
Davey Graham	After Hours - Hull University 1967	(11, 14)	Buffalo	Davey Graham	After Hours - Hull University 1967	Buffalo	True	True	True
Davey Graham	After Hours - Hull University 1967	(9, 14)	Miserlou	Davey Graham	After Hours - Hull University 1967	Miserlou	True	True	True
Davey Graham	After Hours - Hull University 1967	(2, 14)	Cocaine	Davey Graham	After Hours - Hull University 1967	Cocaine	True	True	True
Davey Graham	After Hours - Hull University 1967	(12, 14)	Jubilation	Davey Graham	After Hours - Hull University 1967	Jubilation	True	True	True
Davey Graham	After Hours - Hull University 1967	(6, 14)	Gavotte or Bouree	Davey Graham	After Hours - Hull University 1967	Gavotte or Bouree	True	True	True
Artist 	 Album 	 Trackno 	 Title 	 ID3_artist 	 ID3_album 	 ID3_track 	 Artist_match 	 Album_match 	 track_match 
Keith Jarrett	Keith Jarrett - J.S. Bach - The French Suites (1993) [FLAC]	(6, None)	 Gigue	Keith Jarrett	J.S. Bach. The French Suites	Suite No.1 in D minor, BWV 812 VI. Gigue	True	False	False
Keith Jarrett	Keith Jarrett - J.S. Bach - The French Suites (1993) [FLAC]	(3, None)	 Sarabande	Keith Jarrett	J.S. Bach. The French Suites	Suite No. 4, BWV 815 In E-Flat Major: Sarabande	True	False	False
Keith Jarrett	Keith Jarrett - J.S. Bach - The French Suites (1993) [FLAC]	(17, None)	 Menuet	Keith Jarrett	J.S. Bach. The French Suites	Suite No.3 in B minor, BWV 814 V. Menuet	True	False	False
Keith Jarrett	Keith Jarrett - J.S. Bach - The French Suites (1993) [FLAC]	(5, None)	 Menuet II	Keith Jarrett	J.S. Bach. The French Suites	Suite No.1 in D minor, BWV 812 V. Menuet II	True	False	False
Keith Jarrett	Keith Jarrett - J.S. Bach - The French Suites (1993) [FLAC]	(14, None)	 Courante	Keith Jarrett	J.S. Bach. The French Suites	Suite No.3 in B minor, BWV 814 II. Courante	True	False	False
Keith Jarrett	Keith Jarrett - J.S. Bach - The French Suites (1993) [FLAC]	(5, None)	 Menuet	Keith Jarrett	J.S. Bach. The French Suites	Suite No. 4, BWV 815 In E-Flat Major: Menuet	True	False	False
Keith Jarrett	Keith Jarrett - J.S. Bach - The French Suites (1993) [FLAC]	(4, None)	 Menuet I	Keith Jarrett	J.S. Bach. The French Suites	Suite No.1 in D minor, BWV 812 IV. Menuet I	True	False	False
Keith Jarrett	Keith Jarrett - J.S. Bach - The French Suites (1993) [FLAC]	(3, None)	 Sarabande	Keith Jarrett	J.S. Bach. The French Suites	Suite No.1 in D minor, BWV 812 III. Sarabande	True	False	False
Keith Jarrett	Keith Jarrett - J.S. Bach - The French Suites (1993) [FLAC]	(7, None)	 Allemande	Keith Jarrett	J.S. Bach. The French Suites	Suite No.2 in C minor, BWV 813 I. Allemande	True	False	False
Keith Jarrett	Keith Jarrett - J.S. Bach - The French Suites (1993) [FLAC]	(16, None)	 Anglaise	Keith Jarrett	J.S. Bach. The French Suites	Suite No.3 in B minor, BWV 814 IV. Anglaise	True	False	False
Keith Jarrett	Keith Jarrett - J.S. Bach - The French Suites (1993) [FLAC]	(10, None)	 Sarabande	Keith Jarrett	J.S. Bach. The French Suites	Suite No. 5 BWV 816 In G Major: Sarabande	True	False	False
Keith Jarrett	Keith Jarrett - J.S. Bach - The French Suites (1993) [FLAC]	(1, None)	 Allemande	Keith Jarrett	J.S. Bach. The French Suites	Suite No.1 in D minor, BWV 812 I. Allemande	True	False	False
Keith Jarrett	Keith Jarrett - J.S. Bach - The French Suites (1993) [FLAC]	(11, None)	 Menuet	Keith Jarrett	J.S. Bach. The French Suites	Suite No.2 in C minor, BWV 813 V. Menuet	True	False	False
Keith Jarrett	Keith Jarrett - J.S. Bach - The French Suites (1993) [FLAC]	(15, None)	 Allemande	Keith Jarrett	J.S. Bach. The French Suites	Suite No. 6 BWV 817 In E Major: Allemande	True	False	False
Keith Jarrett	Keith Jarrett - J.S. Bach - The French Suites (1993) [FLAC]	(19, None)	 Polonaise	Keith Jarrett	J.S. Bach. The French Suites	Suite No. 6 BWV 817 In E Major: Polonaise	True	False	False
Keith Jarrett	Keith Jarrett - J.S. Bach - The French Suites (1993) [FLAC]	(22, None)	 Gigue	Keith Jarrett	J.S. Bach. The French Suites	Suite No. 6 BWV 817 In E Major: Gigue	True	False	False
Keith Jarrett	Keith Jarrett - J.S. Bach - The French Suites (1993) [FLAC]	(13, None)	 Allemande	Keith Jarrett	J.S. Bach. The French Suites	Suite No.3 in B minor, BWV 814 I. Allemande	True	False	False
Keith Jarrett	Keith Jarrett - J.S. Bach - The French Suites (1993) [FLAC]	(6, None)	 Air	Keith Jarrett	J.S. Bach. The French Suites	Suite No. 4, BWV 815 In E-Flat Major: Air	True	False	False
Keith Jarrett	Keith Jarrett - J.S. Bach - The French Suites (1993) [FLAC]	(9, None)	 Courante	Keith Jarrett	J.S. Bach. The French Suites	Suite No. 5 BWV 816 In G Major: Courante	True	False	False
Keith Jarrett	Keith Jarrett - J.S. Bach - The French Suites (1993) [FLAC]	(12, None)	 Gigue	Keith Jarrett	J.S. Bach. The French Suites	Suite No.2 in C minor, BWV 813 VI. Gigue	True	False	False
Keith Jarrett	Keith Jarrett - J.S. Bach - The French Suites (1993) [FLAC]	(2, None)	 Courante	Keith Jarrett	J.S. Bach. The French Suites	Suite No. 4, BWV 815 In E-Flat Major: Courante	True	False	False
Keith Jarrett	Keith Jarrett - J.S. Bach - The French Suites (1993) [FLAC]	(20, None)	 Bourree	Keith Jarrett	J.S. Bach. The French Suites	Suite No. 6 BWV 817 In E Major: Bourree	True	False	False
Keith Jarrett	Keith Jarrett - J.S. Bach - The French Suites (1993) [FLAC]	(14, None)	 Gigue	Keith Jarrett	J.S. Bach. The French Suites	Suite No. 5 BWV 816 In G Major: Gigue	True	False	False
Keith Jarrett	Keith Jarrett - J.S. Bach - The French Suites (1993) [FLAC]	(21, None)	 Menuet	Keith Jarrett	J.S. Bach. The French Suites	Suite No. 6 BWV 817 In E Major: Menuet	True	False	False
Keith Jarrett	Keith Jarrett - J.S. Bach - The French Suites (1993) [FLAC]	(1, None)	 Allemande	Keith Jarrett	J.S. Bach. The French Suites	Suite No. 4, BWV 815 In E-Flat Major: Allemande	True	False	False
Keith Jarrett	Keith Jarrett - J.S. Bach - The French Suites (1993) [FLAC]	(15, None)	 Sarabande	Keith Jarrett	J.S. Bach. The French Suites	Suite No.3 in B minor, BWV 814 III. Sarabande	True	False	False
Keith Jarrett	Keith Jarrett - J.S. Bach - The French Suites (1993) [FLAC]	(10, None)	 Air	Keith Jarrett	J.S. Bach. The French Suites	Suite No.2 in C minor, BWV 813 IV. Air	True	False	False
Keith Jarrett	Keith Jarrett - J.S. Bach - The French Suites (1993) [FLAC]	(11, None)	 Gavotte	Keith Jarrett	J.S. Bach. The French Suites	Suite No. 5 BWV 816 In G Major: Gavotte	True	False	False
Keith Jarrett	Keith Jarrett - J.S. Bach - The French Suites (1993) [FLAC]	(17, None)	 Sarabande	Keith Jarrett	J.S. Bach. The French Suites	Suite No. 6 BWV 817 In E Major: Sarabande	True	False	False
Keith Jarrett	Keith Jarrett - J.S. Bach - The French Suites (1993) [FLAC]	(12, None)	 Bourree	Keith Jarrett	J.S. Bach. The French Suites	Suite No. 5 BWV 816 In G Major: Bourree	True	False	False
Keith Jarrett	Keith Jarrett - J.S. Bach - The French Suites (1993) [FLAC]	(18, None)	 Gavotte	Keith Jarrett	J.S. Bach. The French Suites	Suite No. 6 BWV 817 In E Major: Gavotte	True	False	False
Keith Jarrett	Keith Jarrett - J.S. Bach - The French Suites (1993) [FLAC]	(18, None)	 Menuet da capo	Keith Jarrett	J.S. Bach. The French Suites	Suite No.3 in B minor, BWV 814 VI. Trio, Menuet da capo	True	False	False
Keith Jarrett	Keith Jarrett - J.S. Bach - The French Suites (1993) [FLAC]	(19, None)	 Gigue	Keith Jarrett	J.S. Bach. The French Suites	Suite No.3 in B minor, BWV 814 VII. Gigue	True	False	False
Keith Jarrett	Keith Jarrett - J.S. Bach - The French Suites (1993) [FLAC]	(8, None)	 Courante	Keith Jarrett	J.S. Bach. The French Suites	Suite No.2 in C minor, BWV 813 II. Courante	True	False	False
Keith Jarrett	Keith Jarrett - J.S. Bach - The French Suites (1993) [FLAC]	(9, None)	 Sarabande	Keith Jarrett	J.S. Bach. The French Suites	Suite No.2 in C minor, BWV 813 III. Sarabande	True	False	False
Keith Jarrett	Keith Jarrett - J.S. Bach - The French Suites (1993) [FLAC]	(2, None)	 Courante	Keith Jarrett	J.S. Bach. The French Suites	Suite No.1 in D minor, BWV 812 II. Courante	True	False	False
Keith Jarrett	Keith Jarrett - J.S. Bach - The French Suites (1993) [FLAC]	(16, None)	 Courante	Keith Jarrett	J.S. Bach. The French Suites	Suite No. 6 BWV 817 In E Major: Courante	True	False	False
Keith Jarrett	Keith Jarrett - J.S. Bach - The French Suites (1993) [FLAC]	(7, None)	 Gigue	Keith Jarrett	J.S. Bach. The French Suites	Suite No. 4, BWV 815 In E-Flat Major: Gigue	True	False	False
Keith Jarrett	Keith Jarrett - J.S. Bach - The French Suites (1993) [FLAC]	(13, None)	 Loure	Keith Jarrett	J.S. Bach. The French Suites	Suite No. 5 BWV 816 In G Major: Loure	True	False	False
Keith Jarrett	Keith Jarrett - J.S. Bach - The French Suites (1993) [FLAC]	(8, None)	 Allemande	Keith Jarrett	J.S. Bach. The French Suites	Suite No. 5 BWV 816 In G Major: Allemande	True	False	False
Keith Jarrett	Keith Jarrett - J.S. Bach - The French Suites (1993) [FLAC]	(4, None)	 Gavotte	Keith Jarrett	J.S. Bach. The French Suites	Suite No. 4, BWV 815 In E-Flat Major: Gavotte	True	False	False
Artist 	 Album 	 Trackno 	 Title 	 ID3_artist 	 ID3_album 	 ID3_track 	 Artist_match 	 Album_match 	 track_match 
Keith Jarrett	Keith Jarrett - J.S. Bach - Das Wohltemperierte Klavier, Buch II (1991) [FLAC]	(5, None)	dur	Keith Jarrett	J.S. Bach - Das Wohltemperierte Klavier, Buch II	V   D-dur	True	False	False
Keith Jarrett	Keith Jarrett - J.S. Bach - Das Wohltemperierte Klavier, Buch II (1991) [FLAC]	(11, None)	dur	Keith Jarrett	J.S. Bach - Das Wohltemperierte Klavier, Buch II	XI  F-dur	True	False	False
Keith Jarrett	Keith Jarrett - J.S. Bach - Das Wohltemperierte Klavier, Buch II (1991) [FLAC]	(1, None)	dur	Keith Jarrett	J.S. Bach - Das Wohltemperierte Klavier, Buch II	XIII, Fis-dur	True	False	False
Keith Jarrett	Keith Jarrett - J.S. Bach - Das Wohltemperierte Klavier, Buch II (1991) [FLAC]	(10, None)	moll	Keith Jarrett	J.S. Bach - Das Wohltemperierte Klavier, Buch II	XXII, b-moll	True	False	False
Keith Jarrett	Keith Jarrett - J.S. Bach - Das Wohltemperierte Klavier, Buch II (1991) [FLAC]	(8, None)	moll	Keith Jarrett	J.S. Bach - Das Wohltemperierte Klavier, Buch II	XX, a-moll	True	False	False
Keith Jarrett	Keith Jarrett - J.S. Bach - Das Wohltemperierte Klavier, Buch II (1991) [FLAC]	(3, None)	dur	Keith Jarrett	J.S. Bach - Das Wohltemperierte Klavier, Buch II	III  Cis-dur	True	False	False
Keith Jarrett	Keith Jarrett - J.S. Bach - Das Wohltemperierte Klavier, Buch II (1991) [FLAC]	(9, None)	dur	Keith Jarrett	J.S. Bach - Das Wohltemperierte Klavier, Buch II	IX  E-dur	True	False	False
Keith Jarrett	Keith Jarrett - J.S. Bach - Das Wohltemperierte Klavier, Buch II (1991) [FLAC]	(12, None)	moll	Keith Jarrett	J.S. Bach - Das Wohltemperierte Klavier, Buch II	XXIV, h-moll	True	False	False
Keith Jarrett	Keith Jarrett - J.S. Bach - Das Wohltemperierte Klavier, Buch II (1991) [FLAC]	(7, None)	dur	Keith Jarrett	J.S. Bach - Das Wohltemperierte Klavier, Buch II	XIX, A-dur	True	False	False
Keith Jarrett	Keith Jarrett - J.S. Bach - Das Wohltemperierte Klavier, Buch II (1991) [FLAC]	(11, None)	dur	Keith Jarrett	J.S. Bach - Das Wohltemperierte Klavier, Buch II	XXIII, H-dur	True	False	False
Keith Jarrett	Keith Jarrett - J.S. Bach - Das Wohltemperierte Klavier, Buch II (1991) [FLAC]	(8, None)	moll	Keith Jarrett	J.S. Bach - Das Wohltemperierte Klavier, Buch II	VIII  dis-moll	True	False	False
Keith Jarrett	Keith Jarrett - J.S. Bach - Das Wohltemperierte Klavier, Buch II (1991) [FLAC]	(9, None)	dur	Keith Jarrett	J.S. Bach - Das Wohltemperierte Klavier, Buch II	XXI, B-dur	True	False	False
Keith Jarrett	Keith Jarrett - J.S. Bach - Das Wohltemperierte Klavier, Buch II (1991) [FLAC]	(5, None)	dur	Keith Jarrett	J.S. Bach - Das Wohltemperierte Klavier, Buch II	XVII, As-dur	True	False	False
Keith Jarrett	Keith Jarrett - J.S. Bach - Das Wohltemperierte Klavier, Buch II (1991) [FLAC]	(2, None)	moll	Keith Jarrett	J.S. Bach - Das Wohltemperierte Klavier, Buch II	XIV, fis-moll	True	False	False
Keith Jarrett	Keith Jarrett - J.S. Bach - Das Wohltemperierte Klavier, Buch II (1991) [FLAC]	(4, None)	moll	Keith Jarrett	J.S. Bach - Das Wohltemperierte Klavier, Buch II	XVI, g-moll	True	False	False
Keith Jarrett	Keith Jarrett - J.S. Bach - Das Wohltemperierte Klavier, Buch II (1991) [FLAC]	(2, None)	moll	Keith Jarrett	J.S. Bach - Das Wohltemperierte Klavier, Buch II	II  c-moll	True	False	False
Keith Jarrett	Keith Jarrett - J.S. Bach - Das Wohltemperierte Klavier, Buch II (1991) [FLAC]	(3, None)	dur	Keith Jarrett	J.S. Bach - Das Wohltemperierte Klavier, Buch II	XV, G-dur	True	False	False
Keith Jarrett	Keith Jarrett - J.S. Bach - Das Wohltemperierte Klavier, Buch II (1991) [FLAC]	(6, None)	moll	Keith Jarrett	J.S. Bach - Das Wohltemperierte Klavier, Buch II	VI  d-moll	True	False	False
Keith Jarrett	Keith Jarrett - J.S. Bach - Das Wohltemperierte Klavier, Buch II (1991) [FLAC]	(12, None)	moll	Keith Jarrett	J.S. Bach - Das Wohltemperierte Klavier, Buch II	XII  f-moll	True	False	False
Keith Jarrett	Keith Jarrett - J.S. Bach - Das Wohltemperierte Klavier, Buch II (1991) [FLAC]	(10, None)	moll	Keith Jarrett	J.S. Bach - Das Wohltemperierte Klavier, Buch II	X   e-moll	True	False	False
Keith Jarrett	Keith Jarrett - J.S. Bach - Das Wohltemperierte Klavier, Buch II (1991) [FLAC]	(7, None)	dur	Keith Jarrett	J.S. Bach - Das Wohltemperierte Klavier, Buch II	VII  Es-dur	True	False	False
Keith Jarrett	Keith Jarrett - J.S. Bach - Das Wohltemperierte Klavier, Buch II (1991) [FLAC]	(6, None)	moll	Keith Jarrett	J.S. Bach - Das Wohltemperierte Klavier, Buch II	XVIII, gis-moll	True	False	False
Keith Jarrett	Keith Jarrett - J.S. Bach - Das Wohltemperierte Klavier, Buch II (1991) [FLAC]	(1, None)	dur	Keith Jarrett	J.S. Bach - Das Wohltemperierte Klavier, Buch II	I   C-dur	True	False	False
Keith Jarrett	Keith Jarrett - J.S. Bach - Das Wohltemperierte Klavier, Buch II (1991) [FLAC]	(4, None)	moll	Keith Jarrett	J.S. Bach - Das Wohltemperierte Klavier, Buch II	IV  cis-moll	True	False	False
Artist 	 Album 	 Trackno 	 Title 	 ID3_artist 	 ID3_album 	 ID3_track 	 Artist_match 	 Album_match 	 track_match 
Keith Jarrett	Keith Jarrett - J.S. Bach - Das Wohltemperierte Klavier, Buch I (1988) [EAC-FLAC]	(12, None)	moll	Keith Jarrett	Das Wohltemperierte Klavier, Buch I (Disc 1)	VI D-moll	True	False	False
Keith Jarrett	Keith Jarrett - J.S. Bach - Das Wohltemperierte Klavier, Buch I (1988) [EAC-FLAC]	(11, None)	moll	Keith Jarrett	Das Wohltemperierte Klavier, Buch I (Disc 2)	XVIII  Gis-moll	True	False	False
Keith Jarrett	Keith Jarrett - J.S. Bach - Das Wohltemperierte Klavier, Buch I (1988) [EAC-FLAC]	(6, None)	dur	Keith Jarrett	Das Wohltemperierte Klavier, Buch I (Disc 1)	III Cis-dur	True	False	False
Keith Jarrett	Keith Jarrett - J.S. Bach - Das Wohltemperierte Klavier, Buch I (1988) [EAC-FLAC]	(3, None)	moll	Keith Jarrett	Das Wohltemperierte Klavier, Buch I (Disc 1)	II C-moll	True	False	False
Keith Jarrett	Keith Jarrett - J.S. Bach - Das Wohltemperierte Klavier, Buch I (1988) [EAC-FLAC]	(22, None)	dur	Keith Jarrett	Das Wohltemperierte Klavier, Buch I (Disc 2)	XXIII  H-dur	True	False	False
Keith Jarrett	Keith Jarrett - J.S. Bach - Das Wohltemperierte Klavier, Buch I (1988) [EAC-FLAC]	(15, None)	moll	Keith Jarrett	Das Wohltemperierte Klavier, Buch I (Disc 1)	VIII Dis-moll	True	False	False
Keith Jarrett	Keith Jarrett - J.S. Bach - Das Wohltemperierte Klavier, Buch I (1988) [EAC-FLAC]	(10, None)	dur	Keith Jarrett	Das Wohltemperierte Klavier, Buch I (Disc 1)	V D-dur	True	False	False
Keith Jarrett	Keith Jarrett - J.S. Bach - Das Wohltemperierte Klavier, Buch I (1988) [EAC-FLAC]	(9, None)	dur	Keith Jarrett	Das Wohltemperierte Klavier, Buch I (Disc 1)	V D-dur	True	False	False
Keith Jarrett	Keith Jarrett - J.S. Bach - Das Wohltemperierte Klavier, Buch I (1988) [EAC-FLAC]	(17, None)	dur	Keith Jarrett	Das Wohltemperierte Klavier, Buch I (Disc 1)	IX E-dur	True	False	False
Keith Jarrett	Keith Jarrett - J.S. Bach - Das Wohltemperierte Klavier, Buch I (1988) [EAC-FLAC]	(7, None)	moll	Keith Jarrett	Das Wohltemperierte Klavier, Buch I (Disc 1)	IV Cis-moll	True	False	False
Keith Jarrett	Keith Jarrett - J.S. Bach - Das Wohltemperierte Klavier, Buch I (1988) [EAC-FLAC]	(11, None)	moll	Keith Jarrett	Das Wohltemperierte Klavier, Buch I (Disc 1)	VI D-moll	True	False	False
Keith Jarrett	Keith Jarrett - J.S. Bach - Das Wohltemperierte Klavier, Buch I (1988) [EAC-FLAC]	(15, None)	moll	Keith Jarrett	Das Wohltemperierte Klavier, Buch I (Disc 2)	XX  A-moll	True	False	False
Keith Jarrett	Keith Jarrett - J.S. Bach - Das Wohltemperierte Klavier, Buch I (1988) [EAC-FLAC]	(21, None)	dur	Keith Jarrett	Das Wohltemperierte Klavier, Buch I (Disc 2)	XXIII  H-dur	True	False	False
Keith Jarrett	Keith Jarrett - J.S. Bach - Das Wohltemperierte Klavier, Buch I (1988) [EAC-FLAC]	(8, None)	moll	Keith Jarrett	Das Wohltemperierte Klavier, Buch I (Disc 2)	XVI  G-moll	True	False	False
Keith Jarrett	Keith Jarrett - J.S. Bach - Das Wohltemperierte Klavier, Buch I (1988) [EAC-FLAC]	(12, None)	moll	Keith Jarrett	Das Wohltemperierte Klavier, Buch I (Disc 2)	XVIII  Gis-moll	True	False	False
Keith Jarrett	Keith Jarrett - J.S. Bach - Das Wohltemperierte Klavier, Buch I (1988) [EAC-FLAC]	(13, None)	dur	Keith Jarrett	Das Wohltemperierte Klavier, Buch I (Disc 2)	XIX  A-dur	True	False	False
Keith Jarrett	Keith Jarrett - J.S. Bach - Das Wohltemperierte Klavier, Buch I (1988) [EAC-FLAC]	(5, None)	dur	Keith Jarrett	Das Wohltemperierte Klavier, Buch I (Disc 2)	XV  G-dur	True	False	False
Keith Jarrett	Keith Jarrett - J.S. Bach - Das Wohltemperierte Klavier, Buch I (1988) [EAC-FLAC]	(16, None)	moll	Keith Jarrett	Das Wohltemperierte Klavier, Buch I (Disc 1)	VIII Dis-moll	True	False	False
Keith Jarrett	Keith Jarrett - J.S. Bach - Das Wohltemperierte Klavier, Buch I (1988) [EAC-FLAC]	(20, None)	moll	Keith Jarrett	Das Wohltemperierte Klavier, Buch I (Disc 2)	XXII  B-moll	True	False	False
Keith Jarrett	Keith Jarrett - J.S. Bach - Das Wohltemperierte Klavier, Buch I (1988) [EAC-FLAC]	(24, None)	moll	Keith Jarrett	Das Wohltemperierte Klavier, Buch I (Disc 2)	XXIV  H-moll	True	False	False
Keith Jarrett	Keith Jarrett - J.S. Bach - Das Wohltemperierte Klavier, Buch I (1988) [EAC-FLAC]	(4, None)	moll	Keith Jarrett	Das Wohltemperierte Klavier, Buch I (Disc 2)	XIV  Fis-moll	True	False	False
Keith Jarrett	Keith Jarrett - J.S. Bach - Das Wohltemperierte Klavier, Buch I (1988) [EAC-FLAC]	(19, None)	moll	Keith Jarrett	Das Wohltemperierte Klavier, Buch I (Disc 2)	XXII  B-moll	True	False	False
Keith Jarrett	Keith Jarrett - J.S. Bach - Das Wohltemperierte Klavier, Buch I (1988) [EAC-FLAC]	(19, None)	moll	Keith Jarrett	Das Wohltemperierte Klavier, Buch I (Disc 1)	X E-moll	True	False	False
Keith Jarrett	Keith Jarrett - J.S. Bach - Das Wohltemperierte Klavier, Buch I (1988) [EAC-FLAC]	(2, None)	dur	Keith Jarrett	Das Wohltemperierte Klavier, Buch I (Disc 2)	XIII  Fis-dur	True	False	False
Keith Jarrett	Keith Jarrett - J.S. Bach - Das Wohltemperierte Klavier, Buch I (1988) [EAC-FLAC]	(22, None)	dur	Keith Jarrett	Das Wohltemperierte Klavier, Buch I (Disc 1)	XI F-dur	True	False	False
Keith Jarrett	Keith Jarrett - J.S. Bach - Das Wohltemperierte Klavier, Buch I (1988) [EAC-FLAC]	(7, None)	moll	Keith Jarrett	Das Wohltemperierte Klavier, Buch I (Disc 2)	XVI  G-moll	True	False	False
Keith Jarrett	Keith Jarrett - J.S. Bach - Das Wohltemperierte Klavier, Buch I (1988) [EAC-FLAC]	(14, None)	dur	Keith Jarrett	Das Wohltemperierte Klavier, Buch I (Disc 1)	VII Es-dur	True	False	False
Keith Jarrett	Keith Jarrett - J.S. Bach - Das Wohltemperierte Klavier, Buch I (1988) [EAC-FLAC]	(1, None)	dur	Keith Jarrett	Das Wohltemperierte Klavier, Buch I (Disc 1)	I C-dur	True	False	False
Keith Jarrett	Keith Jarrett - J.S. Bach - Das Wohltemperierte Klavier, Buch I (1988) [EAC-FLAC]	(20, None)	moll	Keith Jarrett	Das Wohltemperierte Klavier, Buch I (Disc 1)	X E-moll	True	False	False
Keith Jarrett	Keith Jarrett - J.S. Bach - Das Wohltemperierte Klavier, Buch I (1988) [EAC-FLAC]	(1, None)	dur	Keith Jarrett	Das Wohltemperierte Klavier, Buch I (Disc 2)	XIII  Fis-dur	True	False	False
Keith Jarrett	Keith Jarrett - J.S. Bach - Das Wohltemperierte Klavier, Buch I (1988) [EAC-FLAC]	(17, None)	dur	Keith Jarrett	Das Wohltemperierte Klavier, Buch I (Disc 2)	XXI  B-dur	True	False	False
Keith Jarrett	Keith Jarrett - J.S. Bach - Das Wohltemperierte Klavier, Buch I (1988) [EAC-FLAC]	(24, None)	moll	Keith Jarrett	Das Wohltemperierte Klavier, Buch I (Disc 1)	XII F-moll	True	False	False
Keith Jarrett	Keith Jarrett - J.S. Bach - Das Wohltemperierte Klavier, Buch I (1988) [EAC-FLAC]	(18, None)	dur	Keith Jarrett	Das Wohltemperierte Klavier, Buch I (Disc 1)	IX E-dur	True	False	False
Keith Jarrett	Keith Jarrett - J.S. Bach - Das Wohltemperierte Klavier, Buch I (1988) [EAC-FLAC]	(8, None)	moll	Keith Jarrett	Das Wohltemperierte Klavier, Buch I (Disc 1)	IV Cis-moll	True	False	False
Keith Jarrett	Keith Jarrett - J.S. Bach - Das Wohltemperierte Klavier, Buch I (1988) [EAC-FLAC]	(3, None)	moll	Keith Jarrett	Das Wohltemperierte Klavier, Buch I (Disc 2)	XIV  Fis-moll	True	False	False
Keith Jarrett	Keith Jarrett - J.S. Bach - Das Wohltemperierte Klavier, Buch I (1988) [EAC-FLAC]	(5, None)	dur	Keith Jarrett	Das Wohltemperierte Klavier, Buch I (Disc 1)	III Cis-dur	True	False	False
Keith Jarrett	Keith Jarrett - J.S. Bach - Das Wohltemperierte Klavier, Buch I (1988) [EAC-FLAC]	(14, None)	dur	Keith Jarrett	Das Wohltemperierte Klavier, Buch I (Disc 2)	XIX  A-dur	True	False	False
Keith Jarrett	Keith Jarrett - J.S. Bach - Das Wohltemperierte Klavier, Buch I (1988) [EAC-FLAC]	(21, None)	dur	Keith Jarrett	Das Wohltemperierte Klavier, Buch I (Disc 1)	XI F-dur	True	False	False
Keith Jarrett	Keith Jarrett - J.S. Bach - Das Wohltemperierte Klavier, Buch I (1988) [EAC-FLAC]	(23, None)	moll	Keith Jarrett	Das Wohltemperierte Klavier, Buch I (Disc 2)	XXIV  H-moll	True	False	False
Keith Jarrett	Keith Jarrett - J.S. Bach - Das Wohltemperierte Klavier, Buch I (1988) [EAC-FLAC]	(10, None)	dur	Keith Jarrett	Das Wohltemperierte Klavier, Buch I (Disc 2)	XVII  As-dur	True	False	False
Keith Jarrett	Keith Jarrett - J.S. Bach - Das Wohltemperierte Klavier, Buch I (1988) [EAC-FLAC]	(2, None)	dur	Keith Jarrett	Das Wohltemperierte Klavier, Buch I (Disc 1)	I C-dur	True	False	False
Keith Jarrett	Keith Jarrett - J.S. Bach - Das Wohltemperierte Klavier, Buch I (1988) [EAC-FLAC]	(13, None)	dur	Keith Jarrett	Das Wohltemperierte Klavier, Buch I (Disc 1)	VII Es-dur	True	False	False
Keith Jarrett	Keith Jarrett - J.S. Bach - Das Wohltemperierte Klavier, Buch I (1988) [EAC-FLAC]	(9, None)	dur	Keith Jarrett	Das Wohltemperierte Klavier, Buch I (Disc 2)	XVII  As-dur	True	False	False
Keith Jarrett	Keith Jarrett - J.S. Bach - Das Wohltemperierte Klavier, Buch I (1988) [EAC-FLAC]	(4, None)	moll	Keith Jarrett	Das Wohltemperierte Klavier, Buch I (Disc 1)	II C-moll	True	False	False
Keith Jarrett	Keith Jarrett - J.S. Bach - Das Wohltemperierte Klavier, Buch I (1988) [EAC-FLAC]	(16, None)	moll	Keith Jarrett	Das Wohltemperierte Klavier, Buch I (Disc 2)	XX  A-moll	True	False	False
Keith Jarrett	Keith Jarrett - J.S. Bach - Das Wohltemperierte Klavier, Buch I (1988) [EAC-FLAC]	(18, None)	dur	Keith Jarrett	Das Wohltemperierte Klavier, Buch I (Disc 2)	XXI  B-dur	True	False	False
Keith Jarrett	Keith Jarrett - J.S. Bach - Das Wohltemperierte Klavier, Buch I (1988) [EAC-FLAC]	(6, None)	dur	Keith Jarrett	Das Wohltemperierte Klavier, Buch I (Disc 2)	XV  G-dur	True	False	False
Keith Jarrett	Keith Jarrett - J.S. Bach - Das Wohltemperierte Klavier, Buch I (1988) [EAC-FLAC]	(23, None)	moll	Keith Jarrett	Das Wohltemperierte Klavier, Buch I (Disc 1)	XII F-moll	True	False	False
Artist 	 Album 	 Trackno 	 Title 	 ID3_artist 	 ID3_album 	 ID3_track 	 Artist_match 	 Album_match 	 track_match 
Keith Jarrett	Keith Jarrett - J.S. Bach - Goldberg Variations (1989) [EAC-FLAC]	(22, None)	)	Keith Jarrett	J. S. Bach. Goldberg Variations	Variatio 21 (Canone alla Settima) (a 1 Clav.)	True	False	False
Keith Jarrett	Keith Jarrett - J.S. Bach - Goldberg Variations (1989) [EAC-FLAC]	(17, None)	)	Keith Jarrett	J. S. Bach. Goldberg Variations	Variatio 16 (Ouverture) (a 1 Clav.)	True	False	False
Keith Jarrett	Keith Jarrett - J.S. Bach - Goldberg Variations (1989) [EAC-FLAC]	(24, None)	)	Keith Jarrett	J. S. Bach. Goldberg Variations	Variatio 23 (a 2 Clav.)	True	False	False
Keith Jarrett	Keith Jarrett - J.S. Bach - Goldberg Variations (1989) [EAC-FLAC]	(11, None)	 Clav)	Keith Jarrett	J. S. Bach. Goldberg Variations	Variatio 10 (Fughetta) (a 1 Clav)	True	False	False
Keith Jarrett	Keith Jarrett - J.S. Bach - Goldberg Variations (1989) [EAC-FLAC]	(13, None)	)	Keith Jarrett	J. S. Bach. Goldberg Variations	Variatio 12 (Canone alla Quarta) (a 1 Clav.)	True	False	False
Keith Jarrett	Keith Jarrett - J.S. Bach - Goldberg Variations (1989) [EAC-FLAC]	(5, None)	)	Keith Jarrett	J. S. Bach. Goldberg Variations	Variatio 4 (a 1 Clav.)	True	False	False
Keith Jarrett	Keith Jarrett - J.S. Bach - Goldberg Variations (1989) [EAC-FLAC]	(14, None)	)	Keith Jarrett	J. S. Bach. Goldberg Variations	Variatio 13 (a 2 Clav.)	True	False	False
Keith Jarrett	Keith Jarrett - J.S. Bach - Goldberg Variations (1989) [EAC-FLAC]	(31, None)	)	Keith Jarrett	J. S. Bach. Goldberg Variations	Variatio 30 (Quodlibet) (a 1 Clav.)	True	False	False
Keith Jarrett	Keith Jarrett - J.S. Bach - Goldberg Variations (1989) [EAC-FLAC]	(27, None)	)	Keith Jarrett	J. S. Bach. Goldberg Variations	Variatio 26 (a 2 Clav.)	True	False	False
Keith Jarrett	Keith Jarrett - J.S. Bach - Goldberg Variations (1989) [EAC-FLAC]	(12, None)	)	Keith Jarrett	J. S. Bach. Goldberg Variations	Variatio 11 (a 2 Clav.)	True	False	False
Keith Jarrett	Keith Jarrett - J.S. Bach - Goldberg Variations (1989) [EAC-FLAC]	(8, None)	) (Al tempo di Giga)	Keith Jarrett	J. S. Bach. Goldberg Variations	Variatio 7 (a 1 ovvero 2 Clav.) (Al tempo di Giga)	True	False	False
Keith Jarrett	Keith Jarrett - J.S. Bach - Goldberg Variations (1989) [EAC-FLAC]	(25, None)	)	Keith Jarrett	J. S. Bach. Goldberg Variations	Variatio 24 (Canone all'Ottava) (a 1 Clav.)	True	False	False
Keith Jarrett	Keith Jarrett - J.S. Bach - Goldberg Variations (1989) [EAC-FLAC]	(28, None)	)	Keith Jarrett	J. S. Bach. Goldberg Variations	Variatio 27 (Canone alla Nona) (a 2 Clav.)	True	False	False
Keith Jarrett	Keith Jarrett - J.S. Bach - Goldberg Variations (1989) [EAC-FLAC]	(29, None)	)	Keith Jarrett	J. S. Bach. Goldberg Variations	Variatio 28 (a 2 Clav.)	True	False	False
Keith Jarrett	Keith Jarrett - J.S. Bach - Goldberg Variations (1989) [EAC-FLAC]	(32, None)	 Aria	Keith Jarrett	J. S. Bach. Goldberg Variations	Aria	True	False	True
Keith Jarrett	Keith Jarrett - J.S. Bach - Goldberg Variations (1989) [EAC-FLAC]	(10, None)	)	Keith Jarrett	J. S. Bach. Goldberg Variations	Variatio 9 (Canone alla Terza.) (a 1 Clav.)	True	False	False
Keith Jarrett	Keith Jarrett - J.S. Bach - Goldberg Variations (1989) [EAC-FLAC]	(9, None)	)	Keith Jarrett	J. S. Bach. Goldberg Variations	Variatio 8 (a 2 Clav.)	True	False	False
Keith Jarrett	Keith Jarrett - J.S. Bach - Goldberg Variations (1989) [EAC-FLAC]	(20, None)	)	Keith Jarrett	J. S. Bach. Goldberg Variations	Variatio 19 (a 1 Clav.)	True	False	False
Keith Jarrett	Keith Jarrett - J.S. Bach - Goldberg Variations (1989) [EAC-FLAC]	(23, None)	 Clav) (Alla breve)	Keith Jarrett	J. S. Bach. Goldberg Variations	Variatio 22 (a 1 Clav) (Alla breve)	True	False	False
Keith Jarrett	Keith Jarrett - J.S. Bach - Goldberg Variations (1989) [EAC-FLAC]	(3, None)	)	Keith Jarrett	J. S. Bach. Goldberg Variations	Variatio 2 (a 1 Clav.)	True	False	False
Keith Jarrett	Keith Jarrett - J.S. Bach - Goldberg Variations (1989) [EAC-FLAC]	(19, None)	)	Keith Jarrett	J. S. Bach. Goldberg Variations	Variatio 18 (Canone alla Sesta) (a 1 Clav.)	True	False	False
Keith Jarrett	Keith Jarrett - J.S. Bach - Goldberg Variations (1989) [EAC-FLAC]	(1, None)	 Aria	Keith Jarrett	J. S. Bach. Goldberg Variations	Aria	True	False	True
Keith Jarrett	Keith Jarrett - J.S. Bach - Goldberg Variations (1989) [EAC-FLAC]	(4, None)	)	Keith Jarrett	J. S. Bach. Goldberg Variations	Variatio 3 (Canone all'Unisono) (a 1 Clav.)	True	False	False
Keith Jarrett	Keith Jarrett - J.S. Bach - Goldberg Variations (1989) [EAC-FLAC]	(16, None)	 Clav Andante)	Keith Jarrett	J. S. Bach. Goldberg Variations	Variatio 15 (Canone alla Quinta) (a 1 Clav Andante)	True	False	False
Keith Jarrett	Keith Jarrett - J.S. Bach - Goldberg Variations (1989) [EAC-FLAC]	(15, None)	)	Keith Jarrett	J. S. Bach. Goldberg Variations	Variatio 14 (a 2 Clav.)	True	False	False
Keith Jarrett	Keith Jarrett - J.S. Bach - Goldberg Variations (1989) [EAC-FLAC]	(6, None)	)	Keith Jarrett	J. S. Bach. Goldberg Variations	Variatio 5 (a 1 ovvero 2 Clav.)	True	False	False
Keith Jarrett	Keith Jarrett - J.S. Bach - Goldberg Variations (1989) [EAC-FLAC]	(7, None)	)	Keith Jarrett	J. S. Bach. Goldberg Variations	Variatio 6 (Canone alla Seconda) (a 1 Clav.)	True	False	False
Keith Jarrett	Keith Jarrett - J.S. Bach - Goldberg Variations (1989) [EAC-FLAC]	(2, None)	)	Keith Jarrett	J. S. Bach. Goldberg Variations	Variatio 1 (a 1 Clav.)	True	False	False
Keith Jarrett	Keith Jarrett - J.S. Bach - Goldberg Variations (1989) [EAC-FLAC]	(30, None)	)	Keith Jarrett	J. S. Bach. Goldberg Variations	Variatio 29 (a 1 ovvero 2 Clav.)	True	False	False
Keith Jarrett	Keith Jarrett - J.S. Bach - Goldberg Variations (1989) [EAC-FLAC]	(18, None)	)	Keith Jarrett	J. S. Bach. Goldberg Variations	Variatio 17 (a 2 Clav.)	True	False	False
Keith Jarrett	Keith Jarrett - J.S. Bach - Goldberg Variations (1989) [EAC-FLAC]	(21, None)	)	Keith Jarrett	J. S. Bach. Goldberg Variations	Variatio 20 (a 2 Clav.)	True	False	False
Keith Jarrett	Keith Jarrett - J.S. Bach - Goldberg Variations (1989) [EAC-FLAC]	(26, None)	) (Adagio)	Keith Jarrett	J. S. Bach. Goldberg Variations	Variatio 25 (a 2 Clav.) (Adagio)	True	False	False
